Corpus;bpg;flif;flif-ni;jp2;png;png90;pngAdam7;pngAdam7-crush;png-crush;png-crush-pngout;webp;
aerials;62246638;60656463;60133096;64560031;67800054;85901494;72157336;71972778;67545101;67534247;60319884;
bw_drawing;1965387;663385;694461;14827750;1548561;1548561;2618278;2369221;1510741;1377007;1432970;
fractal;20942006;19664793;19334132;26279635;27559903;32232684;31149524;29433598;26479672;26046699;22451752;
fractal2;114591072;77814852;67225111;172553629;125410709;85768400;134961657;97973544;84426144;84425137;78063926;
game_braid;1948382;1894008;1811297;2840825;2579020;3158360;3065933;3019823;2569480;2498727;1916140;
google-material-design-icons;3217537;2290437;2290437;2629567;5114936;4782500;6045978;4491351;3849654;3644039;2509938;
guihints;444475;406048;406048;874605;721609;757869;904442;769329;613030;595006;507304;
icons;244440;159149;159149;821744;306506;305893;341482;281478;258844;203790;160394;
kodak;9913448;8648450;8813643;9407546;13178510;14577767;14728212;14223463;12797732;12466019;9482230;
large_photos;220061114;198663501;196988728;213229822;234544848;351061436;269630679;267245584;231216704;230530601;210645548;
lukas_medical;15171913;13350292;13128785;14578141;22382250;22382250;25017618;18778015;15743053;15617062;19648264;
maps;36520772;7869131;7223166;153146831;13056046;13056046;17489837;16340577;12890415;11921664;12571924;
Niels_Froehling_sparse;11935951;6063484;5595620;29614437;10817339;10781887;13915013;11939664;9968303;9490060;8007806;
plots;1720381;1122798;972275;5195010;2199464;1934792;2836835;2241258;1932158;1918427;1057498;
testimages.tecnick.com;177695746;141968809;140381863;168995086;214454952;440874498;291665925;284399331;209254665;205001918;167402566;
textures;26694224;25063842;24640993;26387169;28847025;28847025;29167006;27439327;25653565;25595201;27965600;
transp;4364701;3107324;2963998;8854233;5784581;6586684;7640075;6994293;5509166;5208873;4062468;
usc-sipi_misc;8148204;7936179;7740208;8432824;9183258;11009911;9828097;9315059;8493045;8461586;8469854;
wallpaper-jpegs;41197550;39259336;39602718;41223206;45663173;64370701;50356621;50292011;45574134;45485683;40761002;
Waterloo;3939892;3236835;2870025;5877288;4021902;5096518;5617632;5254922;3815454;3791952;2961892;
webp_gallery;438995;401660;388485;732070;616116;801543;776938;752155;608861;583169;446192;
